{
  "topic_distribution": {
    "labels": [
      "Topic 1",
      "Topic 2"
    ],
    "data": [
      0.6155037615378481,
      0.3844962384621519
    ]
  },
  "topics_words": [
    {
      "topic_id": 0,
      "words": [
        "good",
        "play",
        "phone",
        "lag",
        "mobile",
        "update",
        "still",
        "nice",
        "even",
        "device"
      ],
      "probabilities": [
        0.040049485862255096,
        0.031645528972148895,
        0.018210452049970627,
        0.014617587439715862,
        0.013533679768443108,
        0.012087649665772915,
        0.011479105800390244,
        0.01092484313994646,
        0.010672544129192829,
        0.010348294861614704
      ]
    },
    {
      "topic_id": 1,
      "words": [
        "love",
        "best",
        "character",
        "story",
        "good",
        "play",
        "great",
        "kuro",
        "make",
        "graphic"
      ],
      "probabilities": [
        0.026818495243787766,
        0.021984457969665527,
        0.021861599758267403,
        0.018944470211863518,
        0.018175158649683,
        0.016925863921642303,
        0.01657445915043354,
        0.0105233583599329,
        0.010311641730368137,
        0.009700934402644634
      ]
    }
  ],
  "topic_coherence": {
    "labels": [
      "Topic 1",
      "Topic 2"
    ],
    "data": [
      0.6497897479246649,
      0.5632402113290139
    ]
  },
  "doc_topic_matrix": [
    [
      0.16383822018149166,
      0.8361617798185084
    ],
    [
      0.15335020879954722,
      0.8466497912004528
    ],
    [
      0.9988912766097967,
      0.001108723390203271
    ],
    [
      0.5,
      0.5
    ],
    [
      0.5109802775990797,
      0.48901972240092023
    ],
    [
      0.000768303405851267,
      0.9992316965941488
    ],
    [
      0.8402979123503592,
      0.1597020876496408
    ],
    [
      0.12910467386245728,
      0.8708953261375427
    ],
    [
      0.0012473458198640412,
      0.9987526541801359
    ],
    [
      0.8375367050995932,
      0.1624632949004068
    ],
    [
      0.4150321730990513,
      0.5849678269009487
    ],
    [
      0.7936267020217567,
      0.2063732979782433
    ],
    [
      0.8557687274252068,
      0.1442312725747932
    ],
    [
      0.0012470008234986263,
      0.9987529991765014
    ],
    [
      0.5952940164594059,
      0.40470598354059406
    ],
    [
      0.9901955649987193,
      0.009804435001280642
    ],
    [
      0.5926074209032232,
      0.4073925790967769
    ],
    [
      0.9901955649987193,
      0.009804435001280642
    ],
    [
      0.9966885398769613,
      0.0033114601230386964
    ],
    [
      0.9983380290629362,
      0.0016619709370637723
    ],
    [
      0.359813928604126,
      0.640186071395874
    ],
    [
      0.8583705169448103,
      0.14162948305518977
    ],
    [
      0.7978590845742686,
      0.20214091542573148
    ],
    [
      0.9901955649987193,
      0.009804435001280642
    ],
    [
      0.9975120971015056,
      0.002487902898494429
    ],
    [
      0.009810437548826274,
      0.9901895624511737
    ],
    [
      0.7576037049293518,
      0.2423962950706482
    ],
    [
      0.6582755846299057,
      0.3417244153700943
    ],
    [
      0.46285840647568743,
      0.5371415935243126
    ],
    [
      0.4919588565826416,
      0.5080411434173584
    ],
    [
      0.7054360298682443,
      0.2945639701317558
    ],
    [
      0.5,
      0.5
    ],
    [
      0.0005257937793517424,
      0.9994742062206483
    ],
    [
      0.0016611960766467827,
      0.9983388039233532
    ],
    [
      0.000998120075753882,
      0.9990018799242462
    ],
    [
      0.788942539362387,
      0.21105746063761296
    ],
    [
      0.9901960501356014,
      0.009803949864398642
    ],
    [
      0.004953437053738886,
      0.9950465629462611
    ],
    [
      0.001247322682111271,
      0.9987526773178887
    ],
    [
      0.8333057289318104,
      0.1666942710681896
    ],
    [
      0.009804899849951733,
      0.9901951001500483
    ],
    [
      0.7879710793495178,
      0.21202892065048218
    ],
    [
      0.9966886092281111,
      0.003311390771888943
    ],
    [
      0.9611600028733908,
      0.038839997126609266
    ],
    [
      0.9983384259566369,
      0.0016615740433630647
    ],
    [
      0.188960862324225,
      0.8110391376757751
    ],
    [
      0.4104634699087301,
      0.5895365300912699
    ],
    [
      0.7476720809936523,
      0.25232791900634766
    ],
    [
      0.009804846700644406,
      0.9901951532993556
    ],
    [
      0.5486246943473816,
      0.4513753056526184
    ]
  ]
}