{
  "topic_distribution": {
    "labels": [
      "Topic 1",
      "Topic 2",
      "Topic 3",
      "Topic 4"
    ],
    "data": [
      0.3377176959854329,
      0.23213460302647826,
      0.22133316296825165,
      0.20881453801983718
    ]
  },
  "topics_words": [
    {
      "topic_id": 0,
      "words": [
        "play",
        "best",
        "love",
        "phone",
        "good",
        "time",
        "download",
        "update",
        "try",
        "cant"
      ],
      "probabilities": [
        0.044532012194395065,
        0.026949236169457436,
        0.024037914350628853,
        0.015650585293769836,
        0.013645262457430363,
        0.010776164941489697,
        0.010269498452544212,
        0.010012079030275345,
        0.0099099176004529,
        0.009855411946773529
      ]
    },
    {
      "topic_id": 1,
      "words": [
        "character",
        "new",
        "pull",
        "star",
        "bad",
        "powercreep",
        "get",
        "make",
        "dont",
        "even"
      ],
      "probabilities": [
        0.05715138837695122,
        0.024351416155695915,
        0.022075721994042397,
        0.018547501415014267,
        0.016302859410643578,
        0.01614166423678398,
        0.015471193939447403,
        0.014978463761508465,
        0.012066997587680817,
        0.011841477826237679
      ]
    },
    {
      "topic_id": 2,
      "words": [
        "love",
        "character",
        "play",
        "make",
        "story",
        "time",
        "much",
        "player",
        "dont",
        "want"
      ],
      "probabilities": [
        0.03399787098169327,
        0.01511306595057249,
        0.013608135282993317,
        0.013597757555544376,
        0.012730423361063004,
        0.010187924839556217,
        0.009337997063994408,
        0.008931403048336506,
        0.008729289285838604,
        0.006909919437021017
      ]
    },
    {
      "topic_id": 3,
      "words": [
        "good",
        "story",
        "character",
        "great",
        "fun",
        "gameplay",
        "amaze",
        "also",
        "play",
        "nice"
      ],
      "probabilities": [
        0.060314517468214035,
        0.052010901272296906,
        0.034761298447847366,
        0.025062356144189835,
        0.021175066009163857,
        0.01533878780901432,
        0.01409930270165205,
        0.011837008409202099,
        0.011671737767755985,
        0.01112587284296751
      ]
    }
  ],
  "topic_coherence": {
    "labels": [
      "Topic 1",
      "Topic 2",
      "Topic 3",
      "Topic 4"
    ],
    "data": [
      0.5436371753234885,
      0.7336029871831594,
      0.6870292876591432,
      0.6294579146262687
    ]
  },
  "doc_topic_matrix": [
    [
      0.0011067966906471486,
      0.8600152297088023,
      0.13777117690990337,
      0.0011067966906471486
    ],
    [
      0.422896185142912,
      0.5737910982966017,
      0.001656358280243159,
      0.001656358280243159
    ],
    [
      0.971153719834269,
      0.009615426721910313,
      0.009615426721910313,
      0.009615426721910313
    ],
    [
      0.22060652405927367,
      0.20209932628421973,
      0.319198523747899,
      0.25809562590860763
    ],
    [
      0.896787575058388,
      0.0009059507776866824,
      0.10140052338623862,
      0.0009059507776866824
    ],
    [
      0.00961541800867022,
      0.00961541800867022,
      0.9711537459739893,
      0.00961541800867022
    ],
    [
      0.004902320487117138,
      0.9852930385386486,
      0.004902320487117138,
      0.004902320487117138
    ],
    [
      0.00039945532365935133,
      0.07395819050810008,
      0.7524923311302588,
      0.1731500230379817
    ],
    [
      0.9901314646474393,
      0.0032895117841868957,
      0.0032895117841868957,
      0.0032895117841868957
    ],
    [
      0.7345953280142976,
      0.0012438694743210636,
      0.0012438694743210636,
      0.2629169330370602
    ],
    [
      0.971153719834269,
      0.009615426721910313,
      0.009615426721910313,
      0.009615426721910313
    ],
    [
      0.0014206955139169765,
      0.0014206955139169765,
      0.4697519363603057,
      0.5274066726118604
    ],
    [
      0.07250350332247141,
      0.0002700408648606509,
      0.6784428102242808,
      0.2487836455883872
    ],
    [
      0.0049059816464049,
      0.4951922468115698,
      0.49499578989562043,
      0.0049059816464049
    ],
    [
      0.148189514875412,
      0.41149869561195374,
      0.07016080617904663,
      0.37015098333358765
    ],
    [
      0.23222639090398872,
      0.0003998246175088581,
      0.47519437345754334,
      0.2921794110209591
    ],
    [
      0.2767388497657072,
      0.5393130134562079,
      0.0009059698122771619,
      0.1830421669658078
    ],
    [
      0.16849109118535077,
      0.000766930268023238,
      0.8299750482786028,
      0.000766930268023238
    ],
    [
      0.4611693859246432,
      0.0004342699774895562,
      0.09201406568864387,
      0.4463822784092234
    ],
    [
      0.0014205436001963744,
      0.0014205436001963744,
      0.1836492956709225,
      0.8135096171286847
    ],
    [
      0.0016556634361075066,
      0.9950330096916775,
      0.0016556634361075066,
      0.0016556634361075066
    ],
    [
      0.09709921359969687,
      0.000416091259813678,
      0.000416091259813678,
      0.9020686038806758
    ],
    [
      0.00038424667795047444,
      0.2239970619668465,
      0.3273508926883253,
      0.44826779866687777
    ],
    [
      0.0757158100605011,
      0.3272099196910858,
      0.4950132369995117,
      0.10206103324890137
    ],
    [
      0.0003027532417914745,
      0.0003027532417914745,
      0.48161292900297564,
      0.5177815645134414
    ],
    [
      0.00045378381883712216,
      0.00045378381883712216,
      0.9986386485434886,
      0.00045378381883712216
    ],
    [
      0.38673739133131546,
      0.0008311632292693769,
      0.12521987145128283,
      0.4872115739881323
    ],
    [
      0.0014206284484546453,
      0.0014206284484546453,
      0.6170898904365703,
      0.3800688526665204
    ],
    [
      0.7674234869284333,
      0.12120691510104634,
      0.000416045707832371,
      0.11095355226268797
    ],
    [
      0.29885032818245866,
      0.0014223292258673207,
      0.15405581914851507,
      0.545671523443159
    ],
    [
      0.2144108350750555,
      0.08296558013660967,
      0.38965152532900793,
      0.3129720594593269
    ],
    [
      0.0007674107663969566,
      0.2096263112988664,
      0.6045047905405286,
      0.185101487394208
    ],
    [
      0.4571994256628779,
      0.0003841643056780535,
      0.3979091952385526,
      0.1445072147928914
    ],
    [
      0.004903856151280469,
      0.9852884315461586,
      0.004903856151280469,
      0.004903856151280469
    ],
    [
      0.0007124799363429839,
      0.6094445041241129,
      0.0007124799363429839,
      0.3891305360032011
    ],
    [
      0.5730889061301236,
      0.3477535912328998,
      0.000554694641089083,
      0.07860280799588745
    ],
    [
      0.0014206462517302944,
      0.6230454639271116,
      0.37411324356942777,
      0.0014206462517302944
    ],
    [
      0.00024374689901754298,
      0.4711886463346596,
      0.22154635829963976,
      0.3070212484666831
    ],
    [
      0.9940473997405429,
      0.0019842000864856925,
      0.0019842000864856925,
      0.0019842000864856925
    ],
    [
      0.0003568814621361228,
      0.450170296140751,
      0.5491159409349767,
      0.0003568814621361228
    ],
    [
      0.31848303416027723,
      0.21362277000748164,
      0.46744023141931024,
      0.000453964412930893
    ],
    [
      0.0007669350337301113,
      0.0007669350337301113,
      0.5515422037511222,
      0.44692392618141763
    ],
    [
      0.003290757718384087,
      0.003290757718384087,
      0.9901277268448477,
      0.003290757718384087
    ],
    [
