{
  "topic_distribution": {
    "labels": [
      "Topic 1",
      "Topic 2",
      "Topic 3",
      "Topic 4",
      "Topic 5",
      "Topic 6",
      "Topic 7",
      "Topic 8",
      "Topic 9"
    ],
    "data": [
      0.25437133363540143,
      0.1576527278145916,
      0.11814722029903177,
      0.10229952450546818,
      0.0888665567627184,
      0.08374619172547479,
      0.07727645336202085,
      0.06386306981291884,
      0.0537769220823741
    ]
  },
  "topics_words": [
    {
      "topic_id": 0,
      "words": [
        "music",
        "best",
        "ever",
        "song",
        "super",
        "perfect",
        "enjoy",
        "stream",
        "experience",
        "spotify"
      ],
      "probabilities": [
        0.20298750698566437,
        0.19646193087100983,
        0.05401856079697609,
        0.039382852613925934,
        0.030107488855719566,
        0.023579509928822517,
        0.022626763209700584,
        0.0181424580514431,
        0.01744706556200981,
        0.017199762165546417
      ]
    },
    {
      "topic_id": 1,
      "words": [
        "good",
        "nice",
        "music",
        "excellent",
        "quality",
        "experience",
        "listening",
        "track",
        "aap",
        "que"
      ],
      "probabilities": [
        0.45002004504203796,
        0.13835933804512024,
        0.05735378712415695,
        0.04863014072179794,
        0.020504551008343697,
        0.018018290400505066,
        0.017109263688325882,
        0.016022013500332832,
        0.01541990414261818,
        0.013605616986751556
      ]
    },
    {
      "topic_id": 2,
      "words": [
        "love",
        "spotify",
        "music",
        "listen",
        "great",
        "thank",
        "favorite",
        "find",
        "much",
        "always"
      ],
      "probabilities": [
        0.18341781198978424,
        0.0936303436756134,
        0.09277421981096268,
        0.03856131061911583,
        0.02523103728890419,
        0.016237786039710045,
        0.014156973920762539,
        0.013711732812225819,
        0.013368712738156319,
        0.011896980926394463
      ]
    },
    {
      "topic_id": 3,
      "words": [
        "work",
        "playlist",
        "spotify",
        "song",
        "try",
        "play",
        "problem",
        "amaze",
        "show",
        "keep"
      ],
      "probabilities": [
        0.03487182408571243,
        0.029563089832663536,
        0.02306373417377472,
        0.02265680581331253,
        0.020052431151270866,
        0.017690736800432205,
        0.016619114205241203,
        0.016506247222423553,
        0.01612151600420475,
        0.015941806137561798
      ]
    },
    {
      "topic_id": 4,
      "words": [
        "ad",
        "much",
        "song",
        "music",
        "every",
        "minute",
        "listen",
        "premium",
        "get",
        "add"
      ],
      "probabilities": [
        0.15959157049655914,
        0.05427054315805435,
        0.031135009601712227,
        0.03091643750667572,
        0.021708212792873383,
        0.019099021330475807,
        0.018425241112709045,
        0.0172316562384367,
        0.014884634874761105,
        0.013793764635920525
      ]
    },
    {
      "topic_id": 5,
      "words": [
        "song",
        "play",
        "listen",
        "playlist",
        "want",
        "cant",
        "music",
        "premium",
        "even",
        "dont"
      ],
      "probabilities": [
        0.13329485058784485,
        0.06284448504447937,
        0.045010436326265335,
        0.030829964205622673,
        0.030694859102368355,
        0.027814339846372604,
        0.020420998334884644,
        0.018808146938681602,
        0.01626373641192913,
        0.014451283030211926
      ]
    },
    {
      "topic_id": 6,
      "words": [
        "premium",
        "great",
        "bad",
        "spotify",
        "pay",
        "use",
        "awesome",
        "experience",
        "free",
        "money"
      ],
      "probabilities": [
        0.07505885511636734,
        0.06962382793426514,
        0.05264163017272949,
        0.040601588785648346,
        0.037572987377643585,
        0.0345204621553421,
        0.0299405287951231,
        0.029061323031783104,
        0.02149285562336445,
        0.017583182081580162
      ]
    },
    {
      "topic_id": 7,
      "words": [
        "add",
        "well",
        "many",
        "annoy",
        "feature",
        "dont",
        "make",
        "option",
        "please",
        "premium"
      ],
      "probabilities": [
        0.06367281824350357,
        0.038210391998291016,
        0.025815993547439575,
        0.023046962916851044,
        0.021776774898171425,
        0.02104487642645836,
        0.02066940814256668,
        0.02050178498029709,
        0.01986698806285858,
        0.01969010941684246
      ]
    },
    {
      "topic_id": 8,
      "words": [
        "podcasts",
        "use",
        "podcast",
        "new",
        "spotify",
        "update",
        "change",
        "back",
        "make",
        "find"
      ],
      "probabilities": [
        0.029275400564074516,
        0.02513708919286728,
        0.022749636322259903,
        0.022745514288544655,
        0.0227116197347641,
        0.018591362982988358,
        0.017861178144812584,
        0.014427090995013714,
        0.011934664100408554,
        0.011475631967186928
      ]
    }
  ],
  "topic_coherence": {
    "labels": [
      "Topic 1",
      "Topic 2",
      "Topic 3",
      "Topic 4",
      "Topic 5",
      "Topic 6",
      "Topic 7",
      "Topic 8",
      "Topic 9"
    ],
    "data": [
      0.45684103736106135,
      0.35231688705927405,
      0.5813729702229382,
      0.6699344777163384,
      0.7030216497515982,
      0.7932725359358026,
      0.5358512961640489,
      0.706882048038152,
      0.7803008005326795
    ]
  },