{
  "topic_distribution": {
    "labels": [
      "Topic 1",
      "Topic 2",
      "Topic 3",
      "Topic 4",
      "Topic 5"
    ],
    "data": [
      0.3364209266075757,
      0.21891186789267858,
      0.20966452857633777,
      0.12373228668650435,
      0.11127039023690363
    ]
  },
  "topics_words": [
    {
      "topic_id": 0,
      "words": [
        "nice",
        "play",
        "cant",
        "lag",
        "problem",
        "say",
        "fix",
        "server",
        "update",
        "work"
      ],
      "probabilities": [
        0.06860089302062988,
        0.03925169259309769,
        0.020120883360505104,
        0.016711972653865814,
        0.015023891814053059,
        0.01404478307813406,
        0.012519361451268196,
        0.011912046000361443,
        0.01176453661173582,
        0.011760049499571323
      ]
    },
    {
      "topic_id": 1,
      "words": [
        "best",
        "great",
        "ever",
        "mobile",
        "play",
        "amaze",
        "realistic",
        "amazing",
        "graphic",
        "fps"
      ],
      "probabilities": [
        0.15498706698417664,
        0.08717881143093109,
        0.06826934963464737,
        0.06277163326740265,
        0.05462729185819626,
        0.03161723166704178,
        0.029026975855231285,
        0.023202208802103996,
        0.018426861613988876,
        0.018226219341158867
      ]
    },
    {
      "topic_id": 2,
      "words": [
        "player",
        "play",
        "loot",
        "dont",
        "time",
        "get",
        "kill",
        "make",
        "bad",
        "even"
      ],
      "probabilities": [
        0.022383663803339005,
        0.01943705417215824,
        0.017458617687225342,
        0.017264030873775482,
        0.01546996645629406,
        0.015186755917966366,
        0.014929656870663166,
        0.014412283897399902,
        0.014304762706160545,
        0.011743494309484959
      ]
    },
    {
      "topic_id": 3,
      "words": [
        "good",
        "graphic",
        "well",
        "play",
        "make",
        "phone",
        "need",
        "great",
        "fun",
        "fps"
      ],
      "probabilities": [
        0.21979962289333344,
        0.02939104661345482,
        0.014101270586252213,
        0.012974465265870094,
        0.012805723585188389,
        0.01124614104628563,
        0.011129340156912804,
        0.010692219249904156,
        0.010683621279895306,
        0.009465853683650494
      ]
    },
    {
      "topic_id": 4,
      "words": [
        "love",
        "fun",
        "realistic",
        "awesome",
        "cool",
        "graphic",
        "perfect",
        "tarkov",
        "add",
        "gun"
      ],
      "probabilities": [
        0.08731118589639664,
        0.057695627212524414,
        0.05051512271165848,
        0.03951413929462433,
        0.033059991896152496,
        0.019347772002220154,
        0.01895308867096901,
        0.017734834924340248,
        0.017004044726490974,
        0.01613430678844452
      ]
    }
  ],
  "topic_coherence": {
    "labels": [
      "Topic 1",
      "Topic 2",
      "Topic 3",
      "Topic 4",
      "Topic 5"
    ],
    "data": [
      0.6065849009330742,
      0.552052111836095,
      0.789405007089973,
      0.5567307053471462,
      0.4433603118437549
    ]
  },
  "doc_topic_matrix": [
    [
      0.712196637757055,
      0.000711873046939246,
      0.000711873046939246,
      0.000711873046939246,
      0.2856677431021272
    ],
    [
      0.10397174552867346,
      0.23778753554378462,
      0.4529743019637856,
      0.0002853660443017509,
      0.2049810509194546
    ],
    [
      0.048779230791978684,
      0.00029373634743381453,
      0.9503395601657199,
      0.00029373634743381453,
      0.00029373634743381453
    ],
    [
      0.009523815227051428,
      0.009523815227051428,
      0.009523815227051428,
      0.9619047390917943,
      0.009523815227051428
    ],
    [
      0.9619046938206476,
      0.009523826544838103,
      0.009523826544838103,
      0.009523826544838103,
      0.009523826544838103
    ],
    [
      0.001980346929526897,
      0.001980346929526897,
      0.45611836119036986,
      0.2877938847916859,
      0.25212706015889047
    ],
    [
      0.19640625542928347,
      0.0008301760966724878,
      0.801103216280699,
      0.0008301760966724878,
      0.0008301760966724878
    ],
    [
      0.004878638348569261,
      0.004878638348569261,
      0.004878638348569261,
      0.004878638348569261,
      0.9804854466057229
    ],
    [
      0.009523831919899257,
      0.009523831919899257,
      0.009523831919899257,
      0.009523831919899257,
      0.961904672320403
    ],
    [
      0.004878066334782054,
      0.9804877346608718,
      0.004878066334782054,
      0.004878066334782054,
      0.004878066334782054
    ],
    [
      0.009523831024055749,
      0.009523831024055749,
      0.009523831024055749,
      0.009523831024055749,
      0.961904675903777
    ],
    [
      0.004880816662085755,
      0.49289893966289533,
      0.004880816662085755,
      0.4924586103508474,
      0.004880816662085755
    ],
    [
      0.009523933540494736,
      0.961904265838021,
      0.009523933540494736,
      0.009523933540494736,
      0.009523933540494736
    ],
    [
      0.4926352757844845,
      0.004878513769429895,
      0.004878513769429895,
      0.4927291829072258,
      0.004878513769429895
    ],
    [
      0.2,
      0.2,
      0.2,
      0.2,
      0.2
    ],
    [
      0.009530583041512108,
      0.009530583041512108,
      0.9618776678339516,
      0.009530583041512108,
      0.009530583041512108
    ],
    [
      0.5219190245253732,
      0.0008300870738653292,
      0.15727511423656232,
      0.0008300870738653292,
      0.31914568709033375
    ],
    [
      0.000766436405242016,
      0.08105091990876918,
      0.539925839651804,
      0.14415139552194198,
      0.2341054085122429
    ],
    [
      0.009523844133529571,
      0.009523844133529571,
      0.009523844133529571,
      0.009523844133529571,
      0.9619046234658817
    ],
    [
      0.2,
      0.2,
      0.2,
      0.2,
      0.2
    ],
    [
      0.009523813435364265,
      0.009523813435364265,
      0.009523813435364265,
      0.9619047462585429,
      0.009523813435364265
    ],
    [
      0.0032788803923088326,
      0.0032788803923088326,
      0.0032788803923088326,
      0.0032788803923088326,
      0.9868844784307647
    ],
    [
      0.00487899229658941,
      0.4927764617558348,
      0.49258656135439693,
      0.00487899229658941,
      0.00487899229658941
    ],
    [
      0.004878061083032345,
      0.004878061083032345,
      0.004878061083032345,
      0.49268345971843724,
      0.49268235703246577
    ],
    [
      0.0019804698175385177,
      0.0019804698175385177,
      0.0019804698175385177,
      0.23908070002565027,
      0.7549778905217341
    ],
    [
      0.525753716481679,
      0.31963242863772856,
      0.0009050857280424059,
      0.0009050857280424059,
      0.15280368342450767
    ],
    [
      0.009523817018738563,
      0.9619047319250458,
      0.009523817018738563,
      0.009523817018738563,
      0.009523817018738563
    ],
    [
      0.0004340525983314973,
      0.10700643576762014,
      0.6798134176750886,
      0.16484160023256794,
      0.047904493726391786
    ],
    [
      0.004878946416413345,
      0.004878946416413345,
      0.004878946416413345,
      0.9804842143343466,
      0.004878946416413345
    ],
    [
      0.004878273124733423,
      0.004878273124733423,
      0.004878273124733423,
      0.004878273124733423,
      0.9804869075010663
    ],
    [
      0.009523815227051428,
      0.009523815227051428,
      0.009523815227051428,
      0.9619047390917943,
      0.009523815227051428
    ],
    [
      0.0012423786314471692,
      0.0012423786314471692,
      0.8568691757926449,
      0.13940368831301367,
